pval_cutoff,AUC
0.01,0.8274509803921568
0.001,0.8607843137254902
0.0001,0.8441176470588236
1e-05,0.7
