pval_cutoff,AUC
0.01,0.9642857142857143
0.001,0.9255952380952379
0.0001,0.8541666666666666
1e-05,0.8422619047619048
