pval_cutoff,AUC
0.01,0.3839285714285714
0.001,0.6875
0.0001,0.6116071428571429
1e-05,0.5
