pval_cutoff,AUC
0.01,0.7532467532467533
0.001,0.7337662337662338
0.0001,0.6623376623376623
1e-05,0.5
