pval_cutoff,AUC
0.01,0.5079365079365079
0.001,0.6031746031746033
0.0001,0.5
1e-05,0.5
