pval_cutoff,AUC
0.01,0.9598930481283423
0.001,0.9946524064171123
0.0001,1.0
1e-05,1.0
