pval_cutoff,AUC
0.01,0.7000000000000001
0.001,0.76
0.0001,0.7600000000000001
1e-05,0.8
