pval_cutoff,AUC
0.01,0.5777777777777777
0.001,0.5333333333333333
0.0001,0.8555555555555556
1e-05,0.5
