pval_cutoff,AUC
0.01,0.7222222222222223
0.001,0.4166666666666667
0.0001,0.5
1e-05,0.5
