pval_cutoff,AUC
0.01,0.8809523809523809
0.001,1.0
0.0001,0.9682539682539683
1e-05,0.7936507936507937
