pval_cutoff,AUC
0.01,0.7792207792207791
0.001,0.961038961038961
0.0001,0.9285714285714286
1e-05,0.9285714285714286
