pval_cutoff,AUC
0.01,0.8392857142857142
0.001,0.7678571428571428
0.0001,0.5892857142857143
1e-05,0.7142857142857143
