"","prop_pvals_below_0.01","prop_pvals_below_0.001"
"HLA-B*08:01",0.674418604651163,0.418604651162791
"HLA-A*24:02",0.357142857142857,0.214285714285714
"HLA-DQAB*05:05_03:01",0.4,0.4
"HLA-B*07:02",0.35,0.216666666666667
"HLA-B*44:02",0.375,0.25
"HLA-DRB1*01:01",0.3125,0.1875
"HLA-DRB1*07:01",0.774193548387097,0.741935483870968
"HLA-DQAB*01:01_05:01",0.24390243902439,0.146341463414634
"HLA-C*07:01",0.444444444444444,0.246913580246914
"HLA-C*07:02",0.444444444444444,0.355555555555556
"HLA-DRB1*03:01",0.58695652173913,0.478260869565217
"HLA-C*04:01",0.037037037037037,0
"HLA-DQAB*03:01_03:02",0.142857142857143,0.0476190476190476
"HLA-C*05:01",0.307692307692308,0.153846153846154
"HLA-DQAB*02:01_02:02",0.785714285714286,0.785714285714286
"HLA-A*01:01",0.384615384615385,0.269230769230769
"HLA-A*03:01",0.178571428571429,0.142857142857143
"HLA-A*02:01",0.0588235294117647,0.0441176470588235
"HLA-C*03:04",0.2,0
"HLA-DRB1*15:01",0.537037037037037,0.388888888888889
"HLA-C*06:02",0.461538461538462,0.461538461538462
"HLA-DRB1*04:01",0.625,0.458333333333333
"HLA-DPAB*01:03_02:01",1,0.666666666666667
"HLA-DPAB*01:03_04:02",0.0714285714285714,0
"HLA-DPAB*01:03_04:01",0.0141843971631206,0
"HLA-DQAB*05:01_02:01",0.58695652173913,0.478260869565217
"HLA-DQAB*01:02_06:02",0.537037037037037,0.388888888888889
