label,prediction
1,0.0006211951795254069
1,0.0007140625697326728
0,8.905512512245079e-05
0,0.00027326137450471376
