label,prediction
0,3.997441637352095e-05
1,0.00044414834554741284
1,0.0002283821976076965
1,0.0006417569880205362
0,0.00012231917149147843
0,0.000295217476874631
0,0.00019472679830198232
0,8.905512512245079e-05
0,0.0002564299817934713
1,0.0013605442176870747
