label,prediction
1,0.0004590665646518745
0,9.78952520802741e-05
1,0.00044414834554741284
0,0.00028740587457607634
1,0.0005128017288744002
0,0.0002355019134530468
0,0.0002786097374103225
0,0.0
0,0.00017694730509254343
