label,prediction
0,0.00023250406882120437
1,0.00038595137012736397
0,0.0002116133401049602
0,0.000295217476874631
0,0.00018083479919117526
0,0.00016607985119245332
