label,prediction
1,0.0004300520362963919
0,3.997441637352095e-05
0,9.81017314955609e-05
1,0.0004909983633387888
1,0.00044414834554741284
1,0.00037628564261225856
0,0.00010915441711541261
1,0.0002283821976076965
1,0.0005128017288744002
1,0.0005362697079117658
0,0.0
0,0.00012577561630051988
0,0.00010356255178127589
0,0.00018552875695732838
0,8.905512512245079e-05
0,0.00023474178403755868
