label,prediction
1,4.980327705563026e-05
0,0.00019472679830198232
1,0.0001462843768285547
1,0.0008397984483723906
