label,prediction
1,0.0004590665646518745
0,0.00023872679045092838
0,0.0002116133401049602
1,0.0005800632268917312
1,0.00028686173264486515
0,0.00038440593266489414
0,0.00025614754098360657
1,0.000526558283419996
1,4.980327705563026e-05
1,0.0006380942252472616
1,0.0005362697079117658
1,0.0003189052851303163
0,0.0004279722673970727
1,0.0001462843768285547
0,0.0001639433848844199
1,0.0008397984483723906
1,0.00030224035664362084
