label,prediction
0,3.997441637352095e-05
0,0.0003115750116840629
0,9.81017314955609e-05
0,0.00023250406882120437
1,0.00029801817910892565
1,0.00044414834554741284
1,0.0010846477154607492
0,0.00020275750202757503
0,0.00020178241129981502
1,0.0006211951795254069
1,0.0005009706305967813
0,9.905894006934126e-05
1,0.00044414834554741284
0,0.00010356255178127589
1,0.0007140625697326728
0,0.00018083479919117526
0,8.905512512245079e-05
