label,prediction
1,0.0002624844149878601
1,0.0010825742869941765
0,0.0002786097374103225
0,0.0
1,0.00044414834554741284
0,0.0002564299817934713
