label,prediction
0,0.00038440593266489414
0,0.00010553811245085881
1,0.0001462843768285547
1,0.0013605442176870747
