label,prediction
0,0.00025614754098360657
0,0.00024016418497008863
0,0.0002355019134530468
1,0.00037844383893430214
1,0.0003189052851303163
1,0.0013131976362442547
0,0.00011211390773025393
0,0.00019472679830198232
0,0.00010982493904715882
