label,prediction
1,0.0005800632268917312
1,0.0005507572912755039
0,0.0001876392635158907
0,0.00027062683941679914
