label,prediction
1,0.00029801817910892565
0,0.00011211390773025393
