label,prediction
1,0.0002283821976076965
1,0.0006417569880205362
1,0.0005507572912755039
0,0.0002217376843194501
1,0.00034368690123297676
1,0.0008736167734420501
1,0.0013605442176870747
1,0.00026910656620021526
