label,prediction
1,0.0010825742869941765
0,0.00015497869043006585
