label,prediction
0,0.00027473785429735795
0,0.00019472679830198232
1,0.0008397984483723906
