label,prediction
0,0.00023872679045092838
0,0.0002116133401049602
0,0.00038440593266489414
1,0.000526558283419996
1,0.0006211951795254069
1,4.980327705563026e-05
1,0.0006380942252472616
1,0.0005362697079117658
1,0.0003189052851303163
0,0.00018552875695732838
1,0.0001462843768285547
0,0.0001639433848844199
1,0.0013605442176870747
1,0.0008397984483723906
1,0.00030224035664362084
