label,prediction
0,0.0002458754395023481
1,0.00038595137012736397
1,0.0010825742869941765
0,0.00020178241129981502
1,0.0008465907086669724
1,0.0006211951795254069
1,0.00034368690123297676
0,0.00015504837509302903
1,0.0005850396991224405
0,0.00011211390773025393
0,0.00015497869043006585
1,0.0007140625697326728
0,8.905512512245079e-05
0,0.00027326137450471376
0,0.00027062683941679914
