label,prediction
0,0.0002458754395023481
1,0.00038595137012736397
1,0.0010825742869941765
0,0.0002116133401049602
0,0.00017493002798880448
0,0.0001521201749382012
0,0.00020178241129981502
1,0.0008465907086669724
1,0.0005121569895951264
1,4.980327705563026e-05
1,0.00034368690123297676
1,0.0005362697079117658
1,0.0003189052851303163
1,0.0005524522742618624
1,0.0005850396991224405
0,0.00015497869043006585
0,0.00027062683941679914
0,0.00010982493904715882
