label,prediction
1,0.00016249593760155997
0,0.00025614754098360657
0,0.00011211390773025393
