label,prediction
1,0.0004300520362963919
0,0.00025568908207619537
1,0.00037628564261225856
1,0.00030224035664362084
1,0.0010249839846252402
