label,prediction
0,0.00023872679045092838
1,0.0006151377373629312
