label,prediction
1,0.000221226702062939
0,0.0003115750116840629
0,9.81017314955609e-05
0,0.00023250406882120437
1,0.00044414834554741284
0,0.0002116133401049602
0,0.00020275750202757503
0,0.0002786097374103225
0,0.00018552875695732838
1,0.0005236234744431465
1,0.0001462843768285547
0,0.00027326137450471376
0,7.129616426636246e-05
1,0.00039049592983088523
