label,prediction
1,0.0002624844149878601
0,9.81017314955609e-05
1,0.0006211951795254069
0,0.0002217376843194501
1,0.00037844383893430214
0,0.00016607985119245332
1,0.0008091524128475422
