label,prediction
0,3.997441637352095e-05
1,0.00029801817910892565
1,0.0005800632268917312
1,0.00016249593760155997
1,0.0006417569880205362
0,0.00038440593266489414
1,0.00021868014384293907
1,0.0005524522742618624
0,0.00011211390773025393
0,0.00019472679830198232
1,0.0001462843768285547
1,0.0008091524128475422
