label,prediction
0,0.00010915441711541261
1,0.0005800632268917312
0,0.00038440593266489414
0,0.00025614754098360657
0,0.00010356255178127589
