label,prediction
1,0.00029827850690301687
0,0.0002458754395023481
1,0.00038595137012736397
1,0.0010825742869941765
1,0.0004909983633387888
1,0.0002283821976076965
1,0.00016249593760155997
1,0.0008465907086669724
1,0.0004210526315789474
0,0.00012231917149147843
1,0.0005524522742618624
1,0.0005850396991224405
0,0.0
0,0.00015497869043006585
0,0.0001876392635158907
0,0.00023474178403755868
1,0.00026910656620021526
1,0.00031669909062118263
1,0.0006151377373629312
