label,prediction
0,0.00027473785429735795
1,0.0006211951795254069
1,0.00021868014384293907
1,0.00034368690123297676
0,0.00018552875695732838
