label,prediction
0,9.81017314955609e-05
1,0.0005156457784894293
