label,prediction
0,0.0002458754395023481
0,0.00020178241129981502
1,0.0007140625697326728
