label,prediction
0,0.0001497342217563824
0,0.0
1,0.0005248884612019946
1,0.0003706792697618386
1,0.00030224035664362084
