label,prediction
0,0.00010553811245085881
0,0.0
1,0.0008736167734420501
0,0.0001876392635158907
