label,prediction
0,8.152395445528411e-05
1,0.0008357709987463436
