label,prediction
1,0.0004590665646518745
0,0.0001497342217563824
0,0.00010653030787258975
1,0.0002283821976076965
0,0.0
1,0.0003706792697618386
0,0.00010553811245085881
0,0.00011211390773025393
1,0.0001462843768285547
0,0.0001876392635158907
1,0.0010249839846252402
