label,prediction
0,0.00010915441711541261
1,0.0005850396991224405
0,5.9822924144532185e-05
0,0.00010356255178127589
1,0.0008848159266866804
1,0.00026910656620021526
0,0.00010982493904715882
1,0.0006151377373629312
