label,prediction
1,0.00038595137012736397
0,0.00027473785429735795
1,0.0004210526315789474
0,0.00019472679830198232
0,0.00018083479919117526
1,0.0008091524128475422
1,0.0008397984483723906
