label,prediction
1,0.00029827850690301687
1,0.00029801817910892565
0,0.0002217376843194501
0,0.00012231917149147843
1,0.0010249839846252402
