label,prediction
0,0.00010653030787258975
0,0.0001521201749382012
1,0.0006380942252472616
1,0.0005362697079117658
0,0.00018552875695732838
