label,prediction
1,0.0010825742869941765
0,0.00017493002798880448
0,0.00010915441711541261
0,0.0001824551160414538
1,4.980327705563026e-05
0,0.0002914177473408131
1,0.0005850396991224405
1,0.00044414834554741284
0,0.00010356255178127589
1,0.0001462843768285547
0,0.00027062683941679914
1,0.00026910656620021526
