label,prediction
0,0.0004195686833934715
1,0.0005507572912755039
0,5.9822924144532185e-05
