label,prediction
0,0.00025568908207619537
1,0.0004210526315789474
