label,prediction
1,0.00029827850690301687
0,0.00025568908207619537
0,0.00023250406882120437
1,0.00045601714624469883
0,0.00020178241129981502
0,0.0002914177473408131
0,0.00012231917149147843
0,9.905894006934126e-05
0,0.00015497869043006585
0,0.00012577561630051988
0,0.00010356255178127589
1,0.0002797202797202797
0,0.00010982493904715882
