label,prediction
0,0.0003743137581101314
1,0.0001881821603312006
1,0.0005800632268917312
1,0.00028686173264486515
1,0.0006417569880205362
1,0.0005507572912755039
0,0.00038440593266489414
0,0.00025614754098360657
1,0.00021868014384293907
0,0.0004279722673970727
1,0.0005602659395659807
1,0.0001462843768285547
0,0.00027062683941679914
