label,prediction
1,0.0005156457784894293
0,0.0001824551160414538
1,0.0005009706305967813
0,5.9822924144532185e-05
0,0.0004279722673970727
