label,prediction
1,0.0002624844149878601
0,9.78952520802741e-05
0,0.0003743137581101314
0,0.0002355019134530468
1,0.00044414834554741284
