label,prediction
1,0.0005248884612019946
0,0.00020733123237684525
0,0.00014767413241447206
0,0.00024016418497008863
1,0.0008933647364574028
1,0.0008848159266866804
