label,prediction
0,0.0004195686833934715
1,0.000221226702062939
0,0.00025568908207619537
1,0.0004590665646518745
1,0.00037628564261225856
0,0.00010915441711541261
0,0.0002914177473408131
0,0.0002564299817934713
