label,prediction
0,0.0
1,0.0005248884612019946
1,0.0008848159266866804
