label,prediction
0,0.0003743137581101314
0,0.00024016418497008863
0,0.0002355019134530468
1,0.00037844383893430214
1,0.0003189052851303163
1,0.0013131976362442547
0,0.00019472679830198232
