label,prediction
1,0.00034368690123297676
0,0.00015504837509302903
1,0.0005850396991224405
