label,prediction
0,0.00010552975939214858
1,0.00037844383893430214
1,0.0013131976362442547
