label,prediction
0,0.0004195686833934715
1,0.0004300520362963919
1,0.000221226702062939
0,0.00025568908207619537
1,0.00044414834554741284
1,0.00037628564261225856
0,0.00018203883495145632
0,0.00010915441711541261
1,0.0006211951795254069
1,0.0005009706305967813
0,5.9822924144532185e-05
0,0.0002564299817934713
