label,prediction
0,0.0002458754395023481
1,0.0010825742869941765
0,0.00020275750202757503
1,0.0008465907086669724
1,0.000701051577366049
1,0.0003706792697618386
1,0.000526558283419996
0,0.0002217376843194501
0,0.00015504837509302903
1,0.0005524522742618624
1,0.0005850396991224405
0,0.0
1,0.0005236234744431465
0,8.905512512245079e-05
1,0.0002797202797202797
1,0.0013605442176870747
0,0.00027326137450471376
0,7.129616426636246e-05
1,0.0010249839846252402
1,0.0006151377373629312
