label,prediction
0,0.00013172193499522508
0,0.00020733123237684525
0,0.00027473785429735795
1,0.0001462843768285547
0,7.129616426636246e-05
1,0.00039049592983088523
