label,prediction
1,0.0005121569895951264
0,0.00016607985119245332
