label,prediction
0,3.997441637352095e-05
0,0.0002116133401049602
1,0.0005121569895951264
1,4.980327705563026e-05
1,0.0005362697079117658
1,0.0003189052851303163
1,0.0005524522742618624
0,0.00016607985119245332
