label,prediction
1,0.00029827850690301687
0,0.00025568908207619537
0,0.0001497342217563824
0,0.0003743137581101314
0,0.0001521201749382012
1,0.0002283821976076965
1,0.0008465907086669724
1,0.000701051577366049
1,0.0006417569880205362
1,0.0004210526315789474
0,0.00012231917149147843
0,0.0001639433848844199
1,0.00026910656620021526
1,0.0010249839846252402
1,0.0006151377373629312
