label,prediction
1,0.0004590665646518745
0,0.00023872679045092838
0,0.0001497342217563824
1,0.0008465907086669724
1,0.0005507572912755039
0,0.00024016418497008863
1,0.00034368690123297676
0,5.9822924144532185e-05
0,0.0
0,0.00018552875695732838
0,0.00018083479919117526
0,8.905512512245079e-05
1,0.0002797202797202797
0,0.00017694730509254343
0,0.00010982493904715882
