label,prediction
0,0.0004195686833934715
1,0.0002624844149878601
