label,prediction
0,9.905894006934126e-05
1,0.00031669909062118263
