label,prediction
0,0.0003115750116840629
0,0.00010653030787258975
1,0.0005248884612019946
0,0.00020733123237684525
0,0.00014767413241447206
0,0.0002786097374103225
1,0.0008933647364574028
1,0.0008848159266866804
0,7.129616426636246e-05
1,0.00039049592983088523
