"hla_name","auc_combined","auc_agnostic","combined_pvalue","agnostic_pvalue"
"HLA-B*08:01",0.954545454545455,0.946969696969697,0.00278312345885371,9.83671060397402e-05
"HLA-A*24:02",0.936363636363636,0.918181818181818,0.00159051474840948,0.0226414452420644
"HLA-DQAB*05:05_03:01",0.883116883116883,0.909090909090909,0.00404495894467628,0.00404495894467628
"HLA-B*07:02",0.9625,0.970833333333333,0.000317583143911915,0.000317583143911915
"HLA-B*44:02",0.76,0.76,0.181818181818182,0.181818181818182
"HLA-DRB1*01:01",0.907407407407407,0.925925925925926,0.0839160839160838,0.0839160839160838
"HLA-DRB1*07:01",0.941176470588235,0.93048128342246,3.83194270121774e-07,1.48172175061956e-05
"HLA-DQAB*01:01_05:01",0.961038961038961,0.922077922077922,0.0248868778280543,0.0248868778280543
"HLA-C*07:01",0.930147058823529,0.941176470588235,1.42209082730333e-05,1.42209082730333e-05
"HLA-C*07:02",0.9625,0.941666666666667,0.000317583143911915,0.00457351969176702
"HLA-DRB1*03:01",0.96,0.96,0.000546666955335686,0.0115070687826106
"HLA-C*04:01",0.855555555555556,0.855555555555556,0.00851393188854489,0.00851393188854489
"HLA-DQAB*03:01_03:02",1,1,0.000155400155400155,0.000155400155400155
"HLA-C*05:01",0.727272727272727,0.727272727272727,0.373303167420814,0.373303167420814
"HLA-DQAB*02:01_02:02",0.928571428571428,0.910714285714286,0.000106340018845067,0.00241620675730246
"HLA-A*01:01",0.961538461538462,0.954545454545455,7.70582450710128e-05,7.70582450710128e-05
"HLA-A*03:01",0.881481481481482,0.925925925925926,0.0446897294386863,0.00471126665769283
"HLA-A*02:01",0.905241935483871,0.943548387096774,1.7893686363388e-10,1.7893686363388e-10
"HLA-C*03:04",0.989583333333333,1,0.000357227911407478,0.000357227911407478
"HLA-DRB1*15:01",1,1,0.00164759725400458,0.00164759725400458
"HLA-C*06:02",0.858585858585859,0.858585858585859,0.00273874732079066,0.00273874732079066
"HLA-DRB1*04:01",0.9,0.9,0.000205676676264912,0.000205676676264912
"HLA-DPAB*01:03_02:01",0.973214285714286,0.955357142857143,0.000515995872033023,0.000515995872033023
"HLA-DPAB*01:03_04:02",1,1,0.006993006993007,0.006993006993007
"HLA-DPAB*01:03_04:01",0.919607843137255,0.91078431372549,2.07392046584366e-08,2.07392046584366e-08
"HLA-DQAB*05:01_02:01",0.96,0.96,0.000546666955335686,0.0115070687826106
"HLA-DQAB*01:02_06:02",1,1,0.00164759725400458,0.00164759725400458
