"hla_name","auc_combined","auc_agnostic","combined_pvalue","agnostic_pvalue"
"HLA-B*08:01",0.954545454545455,0.946969696969697,0.00278312345885371,9.83671060397402e-05
"HLA-A*24:02",0.936363636363636,0.918181818181818,0.00159051474840948,0.0226414452420644
"HLA-DRB1*07:01",0.941176470588235,0.93048128342246,3.83194270121774e-07,1.48172175061956e-05
"HLA-DQAB*01:01_05:01",0.961038961038961,0.922077922077922,0.0248868778280543,0.0248868778280543
"HLA-C*07:02",0.9625,0.941666666666667,0.000317583143911915,0.00457351969176702
"HLA-DQAB*02:01_02:02",0.928571428571428,0.910714285714286,0.000106340018845067,0.00241620675730246
"HLA-A*01:01",0.961538461538462,0.954545454545455,7.70582450710128e-05,7.70582450710128e-05
"HLA-DPAB*01:03_02:01",0.973214285714286,0.955357142857143,0.000515995872033023,0.000515995872033023
"HLA-DPAB*01:03_04:01",0.919607843137255,0.91078431372549,2.07392046584366e-08,2.07392046584366e-08
