"hla_name","auc_combined","auc_agnostic","DeLong_pvalue"
"HLA-B*08:01",0.954545454545455,0.946969696969697,0.346108806817645
"HLA-A*24:02",0.936363636363636,0.918181818181818,0.285203024355538
"HLA-DQAB*05:05_03:01",0.883116883116883,0.909090909090909,0.852542396010153
"HLA-B*07:02",0.9625,0.970833333333333,0.760249938906526
"HLA-B*44:02",0.76,0.76,0.5
"HLA-DRB1*01:01",0.907407407407407,0.925925925925926,0.760249938906523
"HLA-DRB1*07:01",0.941176470588235,0.93048128342246,0.113143229210803
"HLA-DQAB*01:01_05:01",0.961038961038961,0.922077922077922,0.123814251003658
"HLA-C*07:01",0.930147058823529,0.941176470588235,0.835123559878787
"HLA-C*07:02",0.9625,0.941666666666667,0.220304443538225
"HLA-DRB1*03:01",0.96,0.96,0.5
"HLA-C*04:01",0.855555555555556,0.855555555555556,0.5
"HLA-DQAB*03:01_03:02",1,1,0.5
"HLA-C*05:01",0.727272727272727,0.727272727272727,0.5
"HLA-DQAB*02:01_02:02",0.928571428571428,0.910714285714286,0.162994298138681
"HLA-A*01:01",0.961538461538462,0.954545454545455,0.36566456475115
"HLA-A*03:01",0.881481481481482,0.925925925925926,0.889664319040077
"HLA-A*02:01",0.905241935483871,0.943548387096774,0.958321932575975
"HLA-C*03:04",0.989583333333333,1,0.760249938906522
"HLA-DRB1*15:01",1,1,0.5
"HLA-C*06:02",0.858585858585859,0.858585858585859,0.5
"HLA-DRB1*04:01",0.9,0.9,0.5
"HLA-DPAB*01:03_02:01",0.973214285714286,0.955357142857143,0.283265976631578
"HLA-DPAB*01:03_04:02",1,1,0.5
"HLA-DPAB*01:03_04:01",0.919607843137255,0.91078431372549,0.2659723398889
"HLA-DQAB*05:01_02:01",0.96,0.96,0.5
"HLA-DQAB*01:02_06:02",1,1,0.5
