split_id,AUC
0,1.0
1,NA
2,0.8333333333333334
3,1.0
4,1.0
5,NA
6,1.0
7,NA
8,0.9444444444444444
9,1.0
