split_id,AUC
0,1.0
1,1.0
2,0.7857142857142857
3,0.9714285714285715
4,1.0
5,1.0
6,1.0
7,0.9047619047619048
8,0.96875
9,NA
