split_id,AUC
0,0.875
1,NA
2,NA
3,0.9047619047619048
4,1.0
5,NA
6,NA
7,1.0
8,1.0
9,0.888888888888889
