split_id,AUC
0,0.8452380952380952
1,0.8545454545454545
2,0.8999999999999999
3,0.8333333333333334
4,0.8333333333333333
5,0.75
6,0.8035714285714286
7,0.9444444444444444
8,0.9
9,0.9375
