split_id,AUC
0,0.6190476190476191
1,0.9166666666666667
2,0.9444444444444445
3,0.9444444444444444
4,NA
5,0.8
6,0.625
7,0.8928571428571428
8,0.9375
9,NA
