split_id,AUC
0,0.875
1,0.875
2,1.0
3,0.9666666666666668
4,0.890625
5,0.9444444444444444
6,NA
7,0.9714285714285714
8,0.9479166666666667
9,0.8
