split_id,AUC
0,0.7777777777777778
1,0.775
2,1.0
3,NA
4,NA
5,0.9583333333333334
6,1.0
7,0.9600000000000001
8,1.0
9,0.8333333333333334
