split_id,AUC
0,NA
1,0.888888888888889
2,NA
3,1.0
4,1.0
5,NA
6,1.0
7,0.9642857142857143
8,1.0
9,0.9
