split_id,AUC
0,1.0
1,1.0
2,0.8666666666666667
3,1.0
4,NA
5,1.0
6,0.7714285714285716
7,1.0
8,1.0
9,1.0
