split_id,AUC
0,0.9272727272727272
1,0.9666666666666667
2,0.8333333333333334
3,1.0
4,0.8
5,0.8999999999999999
6,0.9464285714285714
7,1.0
8,0.9555555555555556
9,0.9886363636363636
