split_id,AUC
0,0.75
1,0.9583333333333334
2,0.9142857142857144
3,1.0
4,0.7714285714285715
5,0.96875
6,0.9375
7,NA
8,1.0
9,0.8333333333333334
