split_id,AUC
0,0.7777777777777778
1,NA
2,NA
3,1.0
4,0.8857142857142857
5,0.8571428571428571
6,0.75
7,NA
8,NA
9,0.7948717948717948
