split_id,AUC
0,NA
1,NA
2,0.8857142857142857
3,0.9387755102040817
4,0.75
5,0.7666666666666666
6,0.9523809523809524
7,0.8666666666666667
8,NA
9,0.9666666666666668
