split_id,AUC
0,0.5
1,0.92
2,NA
3,1.0
4,0.7749999999999999
5,0.8888888888888888
6,0.8333333333333334
7,0.92
8,0.7857142857142858
9,0.8166666666666668
