split_id,AUC
0,NA
1,0.75
2,0.8775510204081632
3,1.0
4,0.8541666666666667
5,1.0
6,NA
7,NA
8,0.922077922077922
9,NA
