split_id,AUC
0,0.9
1,0.9
2,0.8857142857142857
3,0.9047619047619049
4,0.8666666666666667
5,0.6666666666666667
6,0.9285714285714286
7,0.7142857142857143
8,1.0
9,0.92
