pval_cutoff,AUC
0.01,0.7676767676767676
0.001,0.8181818181818182
0.0001,0.8888888888888888
1e-05,0.8888888888888888
