pval_cutoff,AUC
0.01,0.7610887096774194
0.001,0.7127016129032258
0.0001,0.65625
1e-05,0.6229838709677419
