pval_cutoff,AUC
0.01,0.5185185185185185
0.001,0.688888888888889
0.0001,0.7259259259259259
1e-05,0.6111111111111112
