pval_cutoff,AUC
0.01,0.5571428571428572
0.001,0.6571428571428571
0.0001,0.7857142857142857
1e-05,0.5
