pval_cutoff,AUC
0.01,0.95
0.001,0.9625
0.0001,0.9208333333333333
1e-05,0.9166666666666667
