pval_cutoff,AUC
0.01,0.6545454545454545
0.001,0.7545454545454546
0.0001,0.7954545454545455
1e-05,0.7954545454545455
