pval_cutoff,AUC
0.01,0.4545454545454546
0.001,0.5606060606060606
0.0001,0.6287878787878789
1e-05,0.5227272727272728
