pval_cutoff,AUC
0.01,0.8571428571428571
0.001,0.5714285714285714
0.0001,0.5714285714285714
1e-05,0.5
