pval_cutoff,AUC
0.01,0.609375
0.001,0.7421875
0.0001,0.5
1e-05,0.5
