pval_cutoff,AUC
0.01,0.8645833333333334
0.001,0.671875
0.0001,0.5
1e-05,0.5
