pval_cutoff,AUC
0.01,0.04166666666666666
0.001,0.3541666666666667
0.0001,0.5
1e-05,0.5
