pval_cutoff,AUC
0.01,0.4871794871794872
0.001,0.891025641025641
0.0001,0.8076923076923077
1e-05,0.8076923076923077
