pval_cutoff,AUC
0.01,0.9125874125874126
0.001,0.9265734265734267
0.0001,0.951048951048951
1e-05,0.8811188811188811
