pval_cutoff,AUC
0.01,0.8712121212121211
0.001,0.9469696969696969
0.0001,0.9280303030303031
1e-05,0.8901515151515151
