pval_cutoff,AUC
0.01,0.33333333333333337
0.001,0.638888888888889
0.0001,0.5
1e-05,0.5
