pval_cutoff,AUC
0.01,0.8333333333333334
0.001,0.8055555555555556
0.0001,0.5
1e-05,0.5
