pval_cutoff,AUC
0.01,0.7647058823529411
0.001,0.8602941176470589
0.0001,0.8933823529411765
1e-05,0.8933823529411764
