pval_cutoff,AUC
0.01,0.8833333333333334
0.001,0.9458333333333334
0.0001,0.93125
1e-05,0.9583333333333333
