label,prediction
0,0.00010653030787258975
0,0.00027473785429735795
1,0.0008397984483723906
