label,prediction
0,3.997441637352095e-05
0,0.0003115750116840629
0,0.00014715259724334135
0,0.00029063008602650547
1,0.00029801817910892565
1,0.0004811607076763639
1,0.0010846477154607492
0,0.00020275750202757503
0,0.00026904321506642003
1,0.0006211951795254069
1,0.0005949026238336778
0,9.905894006934126e-05
1,0.000518173069805315
0,0.00020712510356255177
1,0.0007586914803409648
0,0.00021371385358957078
0,0.0001335826876836762
