label,prediction
0,0.00027046298345258295
1,0.000488871735494661
1,0.0011945647304763326
0,0.00033858134416793635
0,0.0002998800479808077
0,0.00022818026240730178
0,0.00026904321506642003
1,0.000952414547250344
1,0.0006738907757830611
1,9.960655411126052e-05
1,0.00038664776388709887
1,0.0006792749633549033
1,0.0003478966746876178
1,0.000705911239334602
1,0.000710405348934392
0,0.00015497869043006585
0,0.00030445519434389907
0,0.00017571990247545414
