label,prediction
0,9.78952520802741e-05
0,0.00024271844660194174
1,0.0005494304237940002
0,0.0002355019134530468
0,0.00021233676611105213
