label,prediction
0,0.0003115750116840629
0,0.0002786097374103225
1,0.00039049592983088523
