label,prediction
1,0.00024888003982080636
0,0.00038946876460507865
0,9.81017314955609e-05
0,0.00029063008602650547
1,0.000518173069805315
0,0.0002116133401049602
0,0.00020275750202757503
0,0.0003482621717629031
0,0.0002782931354359926
1,0.0005639022032464656
1,0.0001950458357714063
0,0.0003415767181308922
0,7.129616426636246e-05
1,0.00045057222672794447
