label,prediction
0,9.81017314955609e-05
0,0.0002116133401049602
0,0.00020275750202757503
0,0.00021645021645021645
1,0.0005639022032464656
1,0.0001462843768285547
0,0.0003415767181308922
0,7.129616426636246e-05
