label,prediction
0,0.0002652519893899204
0,0.0002116133401049602
0,0.00038440593266489414
1,0.0005594681761337459
1,0.0006211951795254069
1,4.980327705563026e-05
1,0.0006380942252472616
1,0.0005362697079117658
1,0.0003189052851303163
0,0.0002473716759431045
1,0.0001462843768285547
0,0.00021859117984589322
1,0.0013605442176870747
1,0.0008397984483723906
1,0.00030224035664362084
