label,prediction
1,4.980327705563026e-05
1,0.0003189052851303163
0,0.00010553811245085881
1,0.0005524522742618624
0,0.0
1,0.0008736167734420501
0,0.0001876392635158907
