label,prediction
1,0.00032810551873482514
0,0.0001957905041605482
0,0.0003743137581101314
0,0.0002355019134530468
1,0.00044414834554741284
