label,prediction
1,0.00028435811623684845
0,0.0001962034629911218
1,0.0006833146974779475
0,0.0002956502457592668
1,0.00037844383893430214
0,0.00016607985119245332
1,0.0008541053246724057
