label,prediction
1,0.00037628564261225856
0,0.00020733123237684525
1,0.000701051577366049
