label,prediction
1,0.00029827850690301687
1,0.0002624844149878601
0,9.78952520802741e-05
0,0.00017493002798880448
1,0.0005248884612019946
1,0.0005128017288744002
0,0.0002786097374103225
0,0.0
1,0.00044414834554741284
1,0.0008736167734420501
