label,prediction
1,0.0005128017288744002
0,0.00018083479919117526
