label,prediction
0,0.00027046298345258295
0,0.00020178241129981502
1,0.0007140625697326728
0,0.00027326137450471376
