label,prediction
1,0.00037628564261225856
1,0.0005507572912755039
1,0.000526558283419996
0,0.00018083479919117526
1,0.0008933647364574028
1,0.0008357709987463436
0,7.129616426636246e-05
