label,prediction
0,0.00014553922282055013
0,0.00021894613924974458
1,0.0005322812950090801
1,0.0005850396991224405
0,5.9822924144532185e-05
0,0.00010356255178127589
1,0.00026910656620021526
0,0.0001317899268565906
1,0.0006418828563787109
