label,prediction
1,0.00045601714624469883
0,0.00010553811245085881
