label,prediction
0,0.0002458754395023481
1,0.001119904434821562
0,0.00020275750202757503
1,0.0008465907086669724
1,0.000701051577366049
1,0.00040156920890865844
1,0.0005594681761337459
0,0.00033260652647917514
0,0.00015504837509302903
1,0.0005831440672764103
1,0.0006268282490597576
0,0.0
1,0.0005236234744431465
0,0.0001335826876836762
1,0.0002797202797202797
1,0.0013605442176870747
0,0.00027326137450471376
0,0.00010694424639954371
1,0.0010249839846252402
1,0.0006151377373629312
