label,prediction
1,0.0004300520362963919
0,0.00012577561630051988
