label,prediction
1,0.0003408897221748764
0,0.00029830392908889456
0,0.00029063008602650547
1,0.0005700214328058735
0,0.00026904321506642003
0,0.0003399873718976152
0,0.00012231917149147843
0,0.0001650982334489021
0,0.00015497869043006585
0,0.00025155123260103975
0,0.00020712510356255177
1,0.00034965034965034965
0,0.0001317899268565906
