label,prediction
1,0.0003228530273680028
0,0.00011211390773025393
