label,prediction
0,0.00010653030787258975
1,0.00045601714624469883
