label,prediction
0,0.0005034824200721658
1,0.00047305723992603106
1,0.00024888003982080636
0,0.00025568908207619537
1,0.0004811607076763639
1,0.00037628564261225856
0,0.00021237864077669903
0,0.00010915441711541261
1,0.0006211951795254069
1,0.0005322812950090801
0,5.9822924144532185e-05
0,0.0002564299817934713
