label,prediction
0,0.0001497342217563824
0,0.00019472679830198232
1,0.0008091524128475422
