label,prediction
1,0.0005156457784894293
1,0.0005507572912755039
1,0.0005009706305967813
0,5.9822924144532185e-05
