label,prediction
1,0.0005800632268917312
1,0.0005757917136062085
0,0.00021109417145537705
0,0.00027062683941679914
