label,prediction
0,0.0002615670774238549
1,0.00038595137012736397
1,0.0004909983633387888
0,0.0002116133401049602
1,0.00021666125013541327
1,0.0004210526315789474
0,0.000295217476874631
0,0.000197274326390373
0,0.00016607985119245332
0,0.00023474178403755868
1,0.00026910656620021526
