label,prediction
0,7.99488327470419e-05
1,0.00029801817910892565
1,0.0006090663882363178
1,0.00016249593760155997
1,0.0006417569880205362
0,0.00038440593266489414
1,0.00021868014384293907
1,0.0005831440672764103
0,0.00011211390773025393
0,0.00019472679830198232
1,0.0001950458357714063
1,0.0008541053246724057
