label,prediction
1,0.00038350093744673596
0,0.00027046298345258295
1,0.000488871735494661
1,0.001231894878303718
1,0.0005455537370430987
1,0.00025692997230865853
1,0.00032499187520311994
1,0.000952414547250344
1,0.0005096952908587258
0,0.00012231917149147843
1,0.0006752194463200541
1,0.0005850396991224405
0,0.0
0,0.00015497869043006585
0,0.00023454907939486337
0,0.00028169014084507044
1,0.0003027448869752422
1,0.0004071845450843777
1,0.0007221182134260497
