label,prediction
1,0.00037628564261225856
0,8.152395445528411e-05
