label,prediction
0,3.997441637352095e-05
1,0.0003228530273680028
1,0.0011298413702716139
0,9.905894006934126e-05
1,0.00044414834554741284
1,0.0007140625697326728
1,0.00030224035664362084
