label,prediction
1,0.0004590665646518745
0,0.00028740587457607634
0,0.0
