label,prediction
0,9.78952520802741e-05
1,0.00034368690123297676
0,0.00017694730509254343
