label,prediction
0,0.0004195686833934715
1,0.00024888003982080636
0,0.00029830392908889456
1,0.0004845702626880898
1,0.00045990467430387155
0,0.00014553922282055013
0,0.0002914177473408131
0,0.0002820729799728184
