label,prediction
1,0.0004845702626880898
0,0.00023872679045092838
0,0.00025393600812595224
1,0.0006380695495809043
1,0.00028686173264486515
0,0.00044847358810904314
0,0.00025614754098360657
1,0.0005594681761337459
1,4.980327705563026e-05
1,0.0006380942252472616
1,0.0005720210217725502
1,0.0003189052851303163
0,0.0004279722673970727
1,0.0001462843768285547
0,0.00027323897480736653
1,0.0008397984483723906
1,0.00030224035664362084
