label,prediction
1,0.0005113345832623146
0,0.00025568908207619537
0,0.0003713527851458886
0,0.0001497342217563824
0,0.0001957905041605482
0,0.0004574945932457162
0,0.00018203883495145632
1,0.00031402552171058267
1,0.0010229637729725915
1,0.0009982886480319453
0,0.0003448870494912916
0,0.00029437739181630853
1,0.0005096952908587258
0,0.00020386528581913072
0,0.00021859117984589322
0,0.0002831156881480695
1,0.0011531069827033953
1,0.0007488633324418294
