label,prediction
1,0.0004300520362963919
0,9.81017314955609e-05
1,0.00044414834554741284
0,0.0002116133401049602
1,0.0005507572912755039
1,0.0005121569895951264
0,0.00012577561630051988
0,0.00018552875695732838
1,0.0001462843768285547
0,0.00016607985119245332
