label,prediction
1,0.00031402552171058267
1,0.000713063320022818
1,0.0005757917136062085
0,0.00025869396503935843
1,0.000451089057868282
1,0.0008736167734420501
1,0.0013605442176870747
1,0.00033638320775026913
