label,prediction
1,0.0006211951795254069
1,0.0007140625697326728
0,0.0001335826876836762
0,0.00030741904631780296
