label,prediction
0,3.997441637352095e-05
1,0.0005391126206264489
