label,prediction
0,0.00010552975939214858
1,4.980327705563026e-05
0,0.00015497869043006585
1,0.0008357709987463436
