label,prediction
1,0.00029827850690301687
0,0.00018203883495145632
1,0.00016249593760155997
1,0.0006417569880205362
0,0.0002217376843194501
0,0.00012231917149147843
1,0.0010249839846252402
