label,prediction
0,0.0003115750116840629
1,0.0005800632268917312
0,0.00025614754098360657
1,0.00039049592983088523
