label,prediction
0,9.81017314955609e-05
0,0.00018552875695732838
1,0.0001462843768285547
