label,prediction
0,0.00017493002798880448
1,0.0005009706305967813
0,0.0
1,0.0008397984483723906
0,0.00027062683941679914
