label,prediction
1,0.0004116814614691882
0,0.00032052749668025094
1,0.0005096952908587258
0,0.00019472679830198232
0,0.000197274326390373
1,0.0008765817805848374
1,0.0008797888506758378
