label,prediction
1,0.0006211951795254069
0,0.00021645021645021645
0,0.0001876392635158907
0,0.00027062683941679914
