label,prediction
0,0.00031963807135305255
1,0.0005146018268364853
1,0.0010825742869941765
0,0.00030267361694972253
1,0.000952414547250344
1,0.0008075537333830289
1,0.000429608626541221
0,0.00024807740014884643
1,0.0007521938988717091
0,0.00011211390773025393
0,0.0002324680356450988
1,0.000803320390949257
0,0.00022263781280612699
0,0.0004098920617570706
0,0.00033828354927099895
