label,prediction
0,0.00028176229508196723
0,0.00026199729269464216
0,0.0002355019134530468
1,0.00045413260672116256
1,0.0003478966746876178
1,0.0013131976362442547
0,0.00011211390773025393
0,0.00023367215796237878
0,0.0001317899268565906
