label,prediction
0,7.99488327470419e-05
1,0.0004811607076763639
1,0.0002283821976076965
1,0.0006417569880205362
0,0.0001630922286553046
0,0.000295217476874631
0,0.00019472679830198232
0,8.905512512245079e-05
0,0.0002820729799728184
1,0.0013605442176870747
