label,prediction
0,0.0001521201749382012
1,0.0005248884612019946
1,0.00016249593760155997
0,8.152395445528411e-05
0,0.0002914177473408131
0,9.905894006934126e-05
0,0.00027062683941679914
