label,prediction
0,0.0001497342217563824
1,0.0005362697079117658
0,0.00010553811245085881
1,0.0005524522742618624
1,0.0005602659395659807
