label,prediction
1,0.0005355776587605203
0,0.0002917771883289125
0,0.0001497342217563824
1,0.0008818653215280963
1,0.0005757917136062085
0,0.00026199729269464216
1,0.0004081281952141599
0,0.00011964584828906437
0,9.233610341643582e-05
0,0.00021645021645021645
0,0.00023015338078876852
0,0.0001335826876836762
1,0.0004195804195804196
0,0.0002831156881480695
0,0.00017571990247545414
