label,prediction
1,0.0003408897221748764
0,0.00029830392908889456
0,0.00018716777719547802
0,0.0004990850108135085
0,0.00019015021867275147
1,0.0002854777470096206
1,0.00091713993438922
1,0.0007511266900350526
1,0.0008556759840273817
1,0.00046537396121883656
0,0.0001630922286553046
0,0.0001639433848844199
1,0.00033638320775026913
1,0.0011531069827033953
1,0.0006686279753944905
