label,prediction
1,0.0005160624435556702
0,3.997441637352095e-05
0,9.81017314955609e-05
1,0.0005182760501909438
1,0.0004811607076763639
1,0.00037628564261225856
0,0.00018192402852568767
1,0.00025692997230865853
1,0.0005128017288744002
1,0.0005720210217725502
0,0.0
0,0.0001677008217340265
0,0.00010356255178127589
0,0.00021645021645021645
0,0.0001335826876836762
0,0.00023474178403755868
