"HLA","HLA_specific_AUC","HLA_ignorant_AUC","Training_Size","Significant_TCR_prop","HLA_group","HLA_name","HLA_CMV_asso_pval","Combined_AUC"
"HLA-DPAB*01:03_01:01",0.63125,0.934444444444444,33,0.0105758195150329,"DP","DPAB*01:03_01:01",0.3171232743888,1
"HLA-DPAB*01:03_02:01",0.6875,0.955357142857143,83,0.0107142857142857,"DP","DPAB*01:03_02:01",0.032532450559797,0.973214285714286
"HLA-DPAB*01:03_04:01",0.86078431372549,0.91078431372549,258,0.503571428571429,"DP","DPAB*01:03_04:01",0.874517318301046,0.919607843137255
"HLA-DPAB*01:03_04:02",0.76,1,90,0.1,"DP","DPAB*01:03_04:02",0.9991274213963,1
"HLA-DQAB*01:01_05:01",0.961038961038961,0.922077922077922,87,0.146428571428571,"DQ","DQAB*01:01_05:01",0.990718558386625,0.961038961038961
"HLA-DQAB*01:02_06:02",1,1,103,0.192857142857143,"DQ","DQAB*01:02_06:02",0.95464499116952,1
"HLA-DQAB*01:03_06:03",1,1,46,0.0321428571428571,"DQ","DQAB*01:03_06:03",0.689659784547552,1
"HLA-DQAB*02:01_02:02",0.925595238095238,0.910714285714286,68,0.05,"DQ","DQAB*02:01_02:02",0.309649014398088,0.928571428571428
"HLA-DQAB*03:01_03:02",0.767857142857143,1,76,0.075,"DQ","DQAB*03:01_03:02",0.729563493941062,1
"HLA-DQAB*03:03_03:01",0.571340388007055,0.967195767195767,40,0.011405530448692,"DQ","DQAB*03:03_03:01",0.57106880380934,0.866666666666667
"HLA-DQAB*05:01_02:01",0.98,0.96,110,0.164285714285714,"DQ","DQAB*05:01_02:01",0.148242865405011,0.96
"HLA-DQAB*05:05_03:01",0.733766233766234,0.909090909090909,82,0.0357142857142857,"DQ","DQAB*05:05_03:01",0.353768264112974,0.883116883116883
"HLA-DRB1*01:01",0.907407407407407,0.925925925925926,73,0.0571428571428571,"DR","DRB1*01:01",0.994257953166759,0.907407407407407
"HLA-DRB1*03:01",0.98,0.96,110,0.164285714285714,"DR","DRB1*03:01",0.148242865405011,0.96
"HLA-DRB1*04:01",0.7875,0.9,76,0.0857142857142857,"DR","DRB1*04:01",0.540849193911803,0.9
"HLA-DRB1*07:01",0.994652406417112,0.93048128342246,102,0.110714285714286,"DR","DRB1*07:01",0.854074250953217,0.941176470588235
"HLA-DRB1*11:01",0.63150974025974,0.931266233766234,52,0.0221734747466722,"DR","DRB1*11:01",0.586580379848854,1
"HLA-DRB1*13:01",0.953656462585034,0.965277777777778,46,0.0244915680360108,"DR","DRB1*13:01",0.689659784547552,1
"HLA-DRB1*13:02",0.577831514550265,0.82874503968254,41,0.0161262337536594,"DR","DRB1*13:02",0.958645845362246,0.733333333333333
"HLA-DRB1*15:01",1,1,103,0.192857142857143,"DR","DRB1*15:01",0.95464499116952,1
