HLA_index,AUC
0,1.0
8,1.0
26,1.0
41,0.979591836734694
55,1.0
65,NA
69,1.0
84,1.0
86,1.0
88,1.0
90,1.0
92,0.8888888888888888
130,1.0
138,NA
181,0.9047619047619048
186,1.0
196,NA
199,0.9333333333333333
211,0.9523809523809524
213,0.9714285714285715
218,1.0
