HLA_index,AUC
0,0.9142857142857143
8,0.8
26,NA
41,0.75
55,0.9166666666666667
65,NA
69,1.0
84,0.890625
86,0.8285714285714286
88,0.9791666666666666
90,0.8
92,NA
130,0.9600000000000001
138,0.888888888888889
181,1.0
186,0.8125
196,NA
199,0.8333333333333333
211,0.8666666666666667
213,1.0
218,0.9791666666666666
