HLA_index,AUC
0,NA
8,0.92
26,1.0
41,NA
55,NA
65,NA
69,0.888888888888889
84,1.0
86,0.9583333333333334
88,NA
90,0.95
92,1.0
130,1.0
138,NA
181,NA
186,0.75
196,0.75
199,0.8545454545454545
211,0.9
213,1.0
218,NA
