HLA_index,AUC
0,0.7777777777777778
8,0.5
26,1.0
41,NA
55,NA
65,NA
69,NA
84,0.875
86,0.75
88,1.0
90,0.9454545454545454
92,0.6190476190476191
130,1.0
138,1.0
181,0.875
186,NA
196,0.7777777777777778
199,0.8690476190476191
211,0.9285714285714285
213,1.0
218,1.0
