HLA_index,AUC
0,0.75
8,0.8333333333333334
26,0.7714285714285716
41,0.9047619047619047
55,NA
65,1.0
69,1.0
84,NA
86,0.9375
88,1.0
90,0.9285714285714286
92,0.5625
130,NA
138,NA
181,NA
186,NA
196,1.0
199,0.8392857142857143
211,0.9107142857142857
213,1.0
218,1.0
