HLA_index,AUC
0,0.7948717948717948
8,0.8166666666666668
26,1.0
41,0.9
55,NA
65,1.0
69,0.9
84,0.88
86,0.8333333333333334
88,1.0
90,0.9886363636363636
92,NA
130,0.875
138,NA
181,0.888888888888889
186,NA
196,0.8333333333333334
199,0.9375
211,0.92
213,NA
218,1.0
