HLA_index,AUC
0,NA
8,NA
26,0.9333333333333333
41,0.8857142857142857
55,0.88
65,1.0
69,NA
84,1.0
86,0.9142857142857144
88,0.8333333333333334
90,0.8
92,0.9166666666666667
130,1.0
138,NA
181,NA
186,0.836734693877551
196,1.0
199,0.875
211,0.8
213,0.7857142857142857
218,0.8333333333333334
