HLA_index,AUC
0,0.8571428571428571
8,0.8611111111111112
26,1.0
41,0.7333333333333334
55,1.0
65,NA
69,NA
84,0.9259259259259258
86,0.96875
88,NA
90,0.9666666666666667
92,0.7500000000000001
130,NA
138,1.0
181,NA
186,1.0
196,0.9583333333333334
199,0.7777777777777779
211,0.6666666666666667
213,1.0
218,NA
