HLA_index,AUC
0,NA
8,0.7857142857142857
26,1.0
41,NA
55,NA
65,NA
69,1.0
84,0.9166666666666666
86,1.0
88,0.9444444444444444
90,0.9333333333333333
92,1.0
130,1.0
138,0.85
181,1.0
186,0.8701298701298701
196,1.0
199,0.9
211,1.0
213,0.9375
218,0.9444444444444444
