"","HLA_index","cluster_index","cluster_AUC_score","individual_score"
"HLA-A*68:01",21,1,"0.75",0.613333333333333
"HLA-A*68:02",22,2,"0.38888888888888884",0.5
"HLA-A*31:01",189,2,"0.38888888888888884",0.508333333333333
"HLA-A*32:01",25,3,"0.4375",0.4875
"HLA-A*30:01",92,3,"0.4375",0.5
"HLA-A*34:01",130,3,"0.4375",0
"HLA-A*11:01",87,4,"0.7257257257257257",0.437083333333333
"HLA-A*02:01",125,4,"0.7257257257257257",0.769141059429125
"HLA-A*33:01",208,4,"0.7257257257257257",0.5
"HLA-A*30:02",94,5,"0.5",0.5
"HLA-A*03:02",99,5,"0.5",0
"HLA-A*66:01",135,5,"0.5",0
"HLA-A*03:01",115,6,"0.7944444444444445",0.775960324934783
"HLA-A*33:03",146,6,"0.7944444444444445",0.5
"HLA-A*02:05",123,7,"0.9",0.5
"HLA-A*29:02",182,7,"0.9",0.827222222222222
"HLA-A*02:06",124,8,"0.8333333333333333",0.5
"HLA-A*29:01",183,8,"0.8333333333333333",0
"HLA-C*15:02",48,9,"0.75",0.5
"HLA-C*12:03",200,9,"0.75",0.505515873015873
"HLA-C*07:01",52,10,"0.9218750000000001",0.896267772576058
"HLA-C*08:03",57,10,"0.9218750000000001",0
"HLA-C*01:02",66,10,"0.9218750000000001",0.657363315696649
"HLA-C*17:01",122,10,"0.9218750000000001",0.5
"HLA-C*06:02",133,10,"0.9218750000000001",0.862725869809203
"HLA-C*07:02",54,11,"0.9035087719298246",0.859944280133202
"HLA-C*05:01",101,11,"0.9035087719298246",0.7395625
"HLA-C*03:02",129,11,"0.9035087719298246",0.5
"HLA-C*07:04",55,12,"0.35",0.5
"HLA-C*08:01",205,12,"0.35",0.5
"HLA-C*02:02",209,12,"0.35",0.4775
"HLA-C*08:02",56,13,"0.9",0.726190476190476
"HLA-C*04:01",69,14,"0.5641711229946524",0.528543817293817
"HLA-C*16:01",157,14,"0.5641711229946524",0.561666666666667
"HLA-C*03:03",187,14,"0.5641711229946524",0.532142857142857
"HLA-C*15:05",88,15,"0.5",0.5
"HLA-C*14:02",192,15,"0.5",0.505555555555556
"HLA-C*03:04",126,16,"0.6363636363636362",0.625427481469148
"HLA-C*16:02",156,16,"0.6363636363636362",0
