pval_cutoff,AUC
0.01,0.8329326923076923
0.001,0.9163461538461538
0.0001,0.8944711538461538
1e-05,0.8379807692307693
